source_path	target_path	size	sha256	source_sha256	transform
UploadFiles/202101182102504635.jpg	UploadFiles/202101182102504635.jpg	462505	49ad2fcd16ff6c9c91722c10962e19621b9fd0bb388dbe58873fbb702e528081	49ad2fcd16ff6c9c91722c10962e19621b9fd0bb388dbe58873fbb702e528081	
UploadFiles/202101280955170203.jpg	UploadFiles/202101280955170203.jpg	301785	d8b4cb2eec06b6f1b08a8fd7176d545432a06e504d3d5c142dd4ae7430e80c4a	d8b4cb2eec06b6f1b08a8fd7176d545432a06e504d3d5c142dd4ae7430e80c4a	
UploadFiles/202101281036055755.jpg	UploadFiles/202101281036055755.jpg	408223	a8ec3c99251766b48365d6e41db19fc1b8d79bfc9dae1afbe7b41172e20eee43	a8ec3c99251766b48365d6e41db19fc1b8d79bfc9dae1afbe7b41172e20eee43	
UploadFiles/202102020844195442.jpg	UploadFiles/202102020844195442.jpg	296713	04a4173116d7e6173c233c56c58448201ff491834530c8679bf62f915af7ef5e	04a4173116d7e6173c233c56c58448201ff491834530c8679bf62f915af7ef5e	
UploadFiles/2022/1/202201031115065038.jpg	UploadFiles/2022/1/202201031115065038.jpg	10563722	32ebd674bbe604f4ff742e0f492fd788eddf56509b64e0720a612fff5c3b3896	32ebd674bbe604f4ff742e0f492fd788eddf56509b64e0720a612fff5c3b3896	
UploadFiles/2022/1/202201031119287632.jpg	UploadFiles/2022/1/202201031119287632.jpg	100932	ff9a3f5f1fc3b4312095194baf7fc3bd6ac494b9ef963e454374e0695a035cda	ff9a3f5f1fc3b4312095194baf7fc3bd6ac494b9ef963e454374e0695a035cda	
UploadFiles/2022/1/202201031124162593.jpg	UploadFiles/2022/1/202201031124162593.jpg	13844	87caec7a17af6ebfdce1673482a5e69b68b4041a0522a8b91d33aa8631b9af99	87caec7a17af6ebfdce1673482a5e69b68b4041a0522a8b91d33aa8631b9af99	
UploadFiles/2022/1/202201031311038973.jpg	UploadFiles/2022/1/202201031311038973.jpg	359205	8d2d571c901774c520a438e98aa4b2eec76e8991b37a9853666dcb65b4727dd5	8d2d571c901774c520a438e98aa4b2eec76e8991b37a9853666dcb65b4727dd5	
UploadFiles/202206251236160350.jpg	UploadFiles/202206251236160350.jpg	564390	9c01c5740463e370dda8f4eeb6ddf53f9562cba514c72c54c8510b13bab3ba7b	9c01c5740463e370dda8f4eeb6ddf53f9562cba514c72c54c8510b13bab3ba7b	
UploadFiles/202206251242160350.jpg	UploadFiles/202206251242160350.jpg	1022678	923130232f1ccf7484c8e1e468e3d72b3a0f049aaf216f6e3c08094f6d5d1096	923130232f1ccf7484c8e1e468e3d72b3a0f049aaf216f6e3c08094f6d5d1096	
UploadFiles/bnxs/2021/1/202101271008003380.jpg	UploadFiles/bnxs/2021/1/202101271008003380.jpg	126133	f19adcf74514e9a361ef491cc9e67e5162dae85145025af2bccb41f789c64c97	f19adcf74514e9a361ef491cc9e67e5162dae85145025af2bccb41f789c64c97	
UploadFiles/bnxs/2021/1/202101271008005965.jpg	UploadFiles/bnxs/2021/1/202101271008005965.jpg	46920	02240ebb7c0596b7120ebe760e38ee8744c798c1522e202ea9868302ab67b348	02240ebb7c0596b7120ebe760e38ee8744c798c1522e202ea9868302ab67b348	
UploadFiles/dw/2024/12/202412061029007636_600_340.jpg	UploadFiles/dw/2024/12/202412061029007636_600_340.jpg	106175	7d44ec1703e3ecd5a0376422c84e4aa4dbda02863362264a2eadafd46918d8bd	7d44ec1703e3ecd5a0376422c84e4aa4dbda02863362264a2eadafd46918d8bd	
UploadFiles/dw/2025/8/202508261609168578_600_340.jpg	UploadFiles/dw/2025/8/202508261609168578_600_340.jpg	669645	a23c47748c704228055772e09117250c36b5caee23ecea1f05ccf1dbcc7b13fe	a23c47748c704228055772e09117250c36b5caee23ecea1f05ccf1dbcc7b13fe	
UploadFiles/jjjx/2021/1/202101182023417727_600_340.jpg	UploadFiles/jjjx/2021/1/202101182023417727_600_340.jpg	46505	ab0cc4ce34f3ca37a66b481b1e398ca2e225ec85f712ce13c0e4a11968c18aa7	ab0cc4ce34f3ca37a66b481b1e398ca2e225ec85f712ce13c0e4a11968c18aa7	
UploadFiles/jsfc/2022/5/202205301609420467.jpeg	UploadFiles/jsfc/2022/5/202205301609420467.jpeg	158359	dadfd47ebe9dafd25db937b374ddcbcfb1e2c92e6a7df250a0c3fea567a731ac	dadfd47ebe9dafd25db937b374ddcbcfb1e2c92e6a7df250a0c3fea567a731ac	
UploadFiles/jsfc/2022/5/202205301609421698.jpeg	UploadFiles/jsfc/2022/5/202205301609421698.jpeg	95793	575bb551d43a42712a5ccb688320f58f14547ed4ce42909fd1fbb3adbb40a337	575bb551d43a42712a5ccb688320f58f14547ed4ce42909fd1fbb3adbb40a337	
UploadFiles/jsfc/2022/5/202205301609421829.jpeg	UploadFiles/jsfc/2022/5/202205301609421829.jpeg	107357	f524f102730a7fc200a33a5ed735db52be570146666cc601cd272d5a94d9718f	f524f102730a7fc200a33a5ed735db52be570146666cc601cd272d5a94d9718f	
UploadFiles/jsfc/2022/5/202205301609431887.png	UploadFiles/jsfc/2022/5/202205301609431887.png	1572121	69a534f3232022160382159c08d5b9297a83aa59a9a62ad98f1c43a1f6134a6b	69a534f3232022160382159c08d5b9297a83aa59a9a62ad98f1c43a1f6134a6b	
UploadFiles/jsfc/2022/5/202205301609432581.jpeg	UploadFiles/jsfc/2022/5/202205301609432581.jpeg	119004	43666a948a5fa84bc181806a91e8bb8f046a38e9ddb79f32e1f7cac3f263bd8b	43666a948a5fa84bc181806a91e8bb8f046a38e9ddb79f32e1f7cac3f263bd8b	
UploadFiles/jsfc/2022/5/202205301609432706.jpeg	UploadFiles/jsfc/2022/5/202205301609432706.jpeg	30609	489cbb8065078ad3975f8d0beaa8adb6d6ca1f851e90ed3a524a8e55a126c5ab	489cbb8065078ad3975f8d0beaa8adb6d6ca1f851e90ed3a524a8e55a126c5ab	
UploadFiles/jsfc/2022/5/202205301609433358.jpeg	UploadFiles/jsfc/2022/5/202205301609433358.jpeg	174991	860356ea81085dd9d01acbe229d26e2a483a670c46bec56e2d107d08b96f112f	860356ea81085dd9d01acbe229d26e2a483a670c46bec56e2d107d08b96f112f	
UploadFiles/jsfc/2022/5/202205301609435834.jpeg	UploadFiles/jsfc/2022/5/202205301609435834.jpeg	24407	3aac843d6bebae8070b1e2f8be5f83074f518889dd67ba84063b29d40db84981	3aac843d6bebae8070b1e2f8be5f83074f518889dd67ba84063b29d40db84981	
UploadFiles/jsfc/2022/5/202205301609435876.jpeg	UploadFiles/jsfc/2022/5/202205301609435876.jpeg	599474	6bd128e1ad594e891a1868a2625ed70894d172e4bce395edd25d192ff2c05d28	6bd128e1ad594e891a1868a2625ed70894d172e4bce395edd25d192ff2c05d28	
UploadFiles/jsfc/2022/5/202205301609437211.png	UploadFiles/jsfc/2022/5/202205301609437211.png	1655787	08f42f393ebff86439ca11940a1b3c36c1879c407c2b0f068851351c6b51f4ac	08f42f393ebff86439ca11940a1b3c36c1879c407c2b0f068851351c6b51f4ac	
UploadFiles/jsfc/2022/5/202205301609437388.jpeg	UploadFiles/jsfc/2022/5/202205301609437388.jpeg	34971	48312e73f32bcd1bc2c9acaef48ff3cc2ce0e626fb37b662cbbc044ae0a9600b	48312e73f32bcd1bc2c9acaef48ff3cc2ce0e626fb37b662cbbc044ae0a9600b	
UploadFiles/jsfc/2022/5/202205301609437415.jpeg	UploadFiles/jsfc/2022/5/202205301609437415.jpeg	35690	a48f147be55e8eb50793bb572c9a58f01b3930dab45b7eb41dc7a23367d6a9bb	a48f147be55e8eb50793bb572c9a58f01b3930dab45b7eb41dc7a23367d6a9bb	
UploadFiles/jsfc/2022/5/202205301609437492.jpeg	UploadFiles/jsfc/2022/5/202205301609437492.jpeg	88989	2d52bf02b44f45e1240d72b9547cc4914901fd0feedd94d0057ab38564eb27bd	2d52bf02b44f45e1240d72b9547cc4914901fd0feedd94d0057ab38564eb27bd	
UploadFiles/jsfc/2022/5/202205301609438020.png	UploadFiles/jsfc/2022/5/202205301609438020.png	740672	c49202c14c24543f1306569d20b3cd5cdeb54d48f68173673fd964dbc0a5d716	c49202c14c24543f1306569d20b3cd5cdeb54d48f68173673fd964dbc0a5d716	
UploadFiles/jsfc/2022/5/202205301609438049.jpeg	UploadFiles/jsfc/2022/5/202205301609438049.jpeg	45565	389f6abf685106fcd8235cdc00bbd4ed48f71a04b55a7973b39f614e86a65984	389f6abf685106fcd8235cdc00bbd4ed48f71a04b55a7973b39f614e86a65984	
UploadFiles/jsfc/2022/5/202205301610250639.jpeg	UploadFiles/jsfc/2022/5/202205301610250639.jpeg	437914	2942629daf9df5908964b9d87185007be8bc5f4d2e15e241beed50ae06618367	2942629daf9df5908964b9d87185007be8bc5f4d2e15e241beed50ae06618367	
UploadFiles/jsfc/2022/5/202205301610251518.jpeg	UploadFiles/jsfc/2022/5/202205301610251518.jpeg	68709	13d7c504ce64a2c2ca869b63ce2d3fb9f7507ba1abcbb6d04834962c9a89d62d	13d7c504ce64a2c2ca869b63ce2d3fb9f7507ba1abcbb6d04834962c9a89d62d	
UploadFiles/jsfc/2022/5/202205301610252987.jpeg	UploadFiles/jsfc/2022/5/202205301610252987.jpeg	234532	4c83eb5610ca159df4f8ac6ba2341fab3169aefdb0355804a49e32da124a0ef1	4c83eb5610ca159df4f8ac6ba2341fab3169aefdb0355804a49e32da124a0ef1	
UploadFiles/jsfc/2022/5/202205301610255274.jpeg	UploadFiles/jsfc/2022/5/202205301610255274.jpeg	254785	a44f09d4f36d289baccda9e7ffdef2035a9bd5b84a69eb339a2928a55effd375	a44f09d4f36d289baccda9e7ffdef2035a9bd5b84a69eb339a2928a55effd375	
UploadFiles/jsfc/2022/5/202205301610257335.jpeg	UploadFiles/jsfc/2022/5/202205301610257335.jpeg	612567	b25d2fef4501a96cf19c3218f608cace7c9be2d412677deb5f74f5eef01b6d09	b25d2fef4501a96cf19c3218f608cace7c9be2d412677deb5f74f5eef01b6d09	
UploadFiles/jsfc/2022/5/202205301610259055.jpeg	UploadFiles/jsfc/2022/5/202205301610259055.jpeg	99115	d17f56b44c4558a4ee55672274218ae174261f2b1922914c1dde229b57407624	d17f56b44c4558a4ee55672274218ae174261f2b1922914c1dde229b57407624	
UploadFiles/jsfc/2022/5/202205301610259933.jpeg	UploadFiles/jsfc/2022/5/202205301610259933.jpeg	97955	ec1aa7dcb5eb8a28febd6d1e641cdd118e6dd79e73540ba34ca6baa1d7aa8fd8	ec1aa7dcb5eb8a28febd6d1e641cdd118e6dd79e73540ba34ca6baa1d7aa8fd8	
UploadFiles/jsfc/2022/5/202205301610260167.jpeg	UploadFiles/jsfc/2022/5/202205301610260167.jpeg	99059	d7cf7a95bd7acd33e853a8634a308ebf43b14abdc49edbe283d99550a0f2c388	d7cf7a95bd7acd33e853a8634a308ebf43b14abdc49edbe283d99550a0f2c388	
UploadFiles/jsfc/2022/5/202205301610260355.jpeg	UploadFiles/jsfc/2022/5/202205301610260355.jpeg	610932	6d87464ae9042d9bbe3af34e20833569ab25e962bccf2f9a07a492244e597f35	6d87464ae9042d9bbe3af34e20833569ab25e962bccf2f9a07a492244e597f35	
UploadFiles/jsfc/2022/5/202205301610260391.jpeg	UploadFiles/jsfc/2022/5/202205301610260391.jpeg	97821	e961d71296373615c1788bdec3f11c0f1d6c5d928203aa56e77b4dcb27ce6af0	e961d71296373615c1788bdec3f11c0f1d6c5d928203aa56e77b4dcb27ce6af0	
UploadFiles/jsfc/2022/5/202205301610261220.jpeg	UploadFiles/jsfc/2022/5/202205301610261220.jpeg	150100	ec14730332e330238594df58e3499fea498585ca2f1027997f7a57e9c5848508	ec14730332e330238594df58e3499fea498585ca2f1027997f7a57e9c5848508	
UploadFiles/jsfc/2022/5/202205301610262233.jpeg	UploadFiles/jsfc/2022/5/202205301610262233.jpeg	133564	51796873bebb012f607790739ce1a43dcb9d0dce6bf71863b416bddbc8e89acc	51796873bebb012f607790739ce1a43dcb9d0dce6bf71863b416bddbc8e89acc	
UploadFiles/jsfc/2022/5/202205301610264215.jpeg	UploadFiles/jsfc/2022/5/202205301610264215.jpeg	726832	0e8963548e22d2e14b20fba905aef518925f7c17b5da0216b30197425f99df9d	0e8963548e22d2e14b20fba905aef518925f7c17b5da0216b30197425f99df9d	
UploadFiles/jsfc/2022/5/202205301610264352.jpeg	UploadFiles/jsfc/2022/5/202205301610264352.jpeg	64376	66b9fa23183f18926466abef7d8dd733211dced8fb28a0a3fa364c57e9c60c51	66b9fa23183f18926466abef7d8dd733211dced8fb28a0a3fa364c57e9c60c51	
UploadFiles/jsfc/2022/5/202205301610264360.jpeg	UploadFiles/jsfc/2022/5/202205301610264360.jpeg	115404	01799ff805f2d868f19258b03943342f47ad7f8c966751ee3a66a248126b8675	01799ff805f2d868f19258b03943342f47ad7f8c966751ee3a66a248126b8675	
UploadFiles/jsfc/2022/5/202205301610265308.jpeg	UploadFiles/jsfc/2022/5/202205301610265308.jpeg	150607	88af0daabbd6662c9893b684ca35a6364e7c2be4c93fdbf1be74220356cfce5b	88af0daabbd6662c9893b684ca35a6364e7c2be4c93fdbf1be74220356cfce5b	
UploadFiles/jsfc/2022/5/202205301610265320.jpeg	UploadFiles/jsfc/2022/5/202205301610265320.jpeg	130672	1b255a969a988e4f95d068fcb904feed0267095f12959da20e309ae2966c4c90	1b255a969a988e4f95d068fcb904feed0267095f12959da20e309ae2966c4c90	
UploadFiles/jsfc/2022/5/202205301610265614.jpeg	UploadFiles/jsfc/2022/5/202205301610265614.jpeg	140310	be9b379bb83185c6def90e147d4bba801105b4e5c935673d0a8a31d0449a2c38	be9b379bb83185c6def90e147d4bba801105b4e5c935673d0a8a31d0449a2c38	
UploadFiles/jsfc/2022/5/202205301610267588.jpeg	UploadFiles/jsfc/2022/5/202205301610267588.jpeg	331522	2202f5c836239b330747486e1984c40a0f1bfc23a9717b03fd43957f21ed1b98	2202f5c836239b330747486e1984c40a0f1bfc23a9717b03fd43957f21ed1b98	
UploadFiles/jsfc/2022/5/202205301610269780.jpeg	UploadFiles/jsfc/2022/5/202205301610269780.jpeg	106573	c2cfce81234fa3fc16b214a8e9492c80dba45e496c068489d409c695952083ea	c2cfce81234fa3fc16b214a8e9492c80dba45e496c068489d409c695952083ea	
UploadFiles/jsfc/2024/4/202404081428166175.jpg	UploadFiles/jsfc/2024/4/202404081428166175.jpg	50947	ed8650f38815052020514d01f798828cbfe4ee0e6266ec219bc9b3bf7f00557b	ed8650f38815052020514d01f798828cbfe4ee0e6266ec219bc9b3bf7f00557b	
UploadFiles/jsfc/2024/9/202409062309538028.jpg	UploadFiles/jsfc/2024/9/202409062309538028.jpg	658727	03381667737a5973d07605e497bb3cca7289ac395011f9becd55460a7bda3c76	03381667737a5973d07605e497bb3cca7289ac395011f9becd55460a7bda3c76	
UploadFiles/jsfc/2024/9/202409062315561539.jpg	UploadFiles/jsfc/2024/9/202409062315561539.jpg	7463650	ddd8a8d871fc995218b271df63187d2470836858fbc955120ded71c5ecabf63c	ddd8a8d871fc995218b271df63187d2470836858fbc955120ded71c5ecabf63c	
UploadFiles/jsfc/2024/9/202409062322188366.jpg	UploadFiles/jsfc/2024/9/202409062322188366.jpg	7513761	48b6bd6425ab2486c259f6666ec7d841356df9a29f17356c5a998a62b50c024c	48b6bd6425ab2486c259f6666ec7d841356df9a29f17356c5a998a62b50c024c	
UploadFiles/jsfc/2024/9/202409062326441668.jpg	UploadFiles/jsfc/2024/9/202409062326441668.jpg	19408138	98fd9169210678de8d5dae4f802825b50fc83111d353dc4a7e9963b5392263a8	98fd9169210678de8d5dae4f802825b50fc83111d353dc4a7e9963b5392263a8	
UploadFiles/jsfc/2024/9/202409070020451225.jpg	UploadFiles/jsfc/2024/9/202409070020451225.jpg	71913	013ac65391c7826b7a4d5e0b19d6c3906d4273517b61303a0579813303f5d218	013ac65391c7826b7a4d5e0b19d6c3906d4273517b61303a0579813303f5d218	
UploadFiles/jsfc/2025/10/202510131553069062.jpg	UploadFiles/jsfc/2025/10/202510131553069062.jpg	2310528	b2c547a0ba5dd7e3e43a91b73df0a959ce5d00589b30b6948cc4d9980610bf2a	b2c547a0ba5dd7e3e43a91b73df0a959ce5d00589b30b6948cc4d9980610bf2a	
UploadFiles/jsfc/2025/8/202508241434380338.jpg	UploadFiles/jsfc/2025/8/202508241434380338.jpg	14878301	d33cd71e53d49f831936de0d51874665471a9709a069fde8c4bc52ff7e475f2c	d33cd71e53d49f831936de0d51874665471a9709a069fde8c4bc52ff7e475f2c	
UploadFiles/jsfc/2025/8/202508241436250903.png	UploadFiles/jsfc/2025/8/202508241436250903.png	545987	faa3ca5b0a4bcdaa91952c7363e02b42135c87c178ead8f203904bc33f16c0d2	faa3ca5b0a4bcdaa91952c7363e02b42135c87c178ead8f203904bc33f16c0d2	
UploadFiles/jsfc/2025/8/202508241446514002.png	UploadFiles/jsfc/2025/8/202508241446514002.png	10215993	c7d8aafee4982548375cb65d5a949bb872fce0788154a9f9d483de02e048731a	c7d8aafee4982548375cb65d5a949bb872fce0788154a9f9d483de02e048731a	
UploadFiles/jsfc/2025/8/202508241448555273.jpg	UploadFiles/jsfc/2025/8/202508241448555273.jpg	181345	fb4a7a06b4b7a5a9d12abda8ff9a6b9838e73a1205bee754474ad9d671109db6	fb4a7a06b4b7a5a9d12abda8ff9a6b9838e73a1205bee754474ad9d671109db6	
UploadFiles/jsfc/2025/8/202508241450013438.jpg	UploadFiles/jsfc/2025/8/202508241450013438.jpg	3270223	c3e32feff1ea937f49a74e3d46c81f7a0cb785b2c2cc8a924b1302403c8a5559	c3e32feff1ea937f49a74e3d46c81f7a0cb785b2c2cc8a924b1302403c8a5559	
UploadFiles/jsfc/2025/8/202508241451265146.jpg	UploadFiles/jsfc/2025/8/202508241451265146.jpg	149953	ad4414295982a16deb9e07661482861b7a66119bd7bb6f89574d3fcf7d0eed83	ad4414295982a16deb9e07661482861b7a66119bd7bb6f89574d3fcf7d0eed83	
UploadFiles/jsfc/2025/8/202508241452348546.jpg	UploadFiles/jsfc/2025/8/202508241452348546.jpg	776107	74a79acb5552a8a6391b4ee9deac8458b98ae76bf041cde8b3dd0e552477124d	74a79acb5552a8a6391b4ee9deac8458b98ae76bf041cde8b3dd0e552477124d	
UploadFiles/jsfc/2025/8/202508241454083059.jpg	UploadFiles/jsfc/2025/8/202508241454083059.jpg	383213	2dcf7ca78f341ea61357d876fefab468e62e99a78fad8f2d58753eb2d49ffcc7	2dcf7ca78f341ea61357d876fefab468e62e99a78fad8f2d58753eb2d49ffcc7	
UploadFiles/jxky/2026/7/202607031102190920_600_340.png	UploadFiles/jxky/2026/7/202607031102190920_600_340.png	88596	27a8d86d5bbdb3ca0a7183451174def240007267a81fac48959121af26e9d123	27a8d86d5bbdb3ca0a7183451174def240007267a81fac48959121af26e9d123	
UploadFiles/jxky/2026/7/202607141634084528_600_340.png	UploadFiles/jxky/2026/7/202607141634084528_600_340.png	66702	c9fce0692e554d27713a2670f9d42d74b8f7451a3e420416f9ed3118664a1d87	c9fce0692e554d27713a2670f9d42d74b8f7451a3e420416f9ed3118664a1d87	
UploadFiles/jxky/2026/8/202608281003260195.png	UploadFiles/jxky/2026/8/202608281003260195.png	72652	6e7dbddc37c1ece676e49f6e816a69807322806336c6ab015c27dd6d136d4ce8	6e7dbddc37c1ece676e49f6e816a69807322806336c6ab015c27dd6d136d4ce8	
UploadFiles/jxky/2026/8/202608281003260195_600_340.png	UploadFiles/jxky/2026/8/202608281003260195_600_340.png	85902	62f70f81c29524c17c796823905825e869ff56b61b6f42fb48d227dd63734c45	62f70f81c29524c17c796823905825e869ff56b61b6f42fb48d227dd63734c45	
UploadFiles/legacy/external/10.176.17.2/UEditor/dialogs/attachment/fileTypeImages/icon_doc.gif	UploadFiles/legacy/external/10.176.17.2/UEditor/dialogs/attachment/fileTypeImages/icon_doc.gif	1012	62c86a7776611273707faece405890b74a8c521b17a73e339875d8aa4f9ca361	62c86a7776611273707faece405890b74a8c521b17a73e339875d8aa4f9ca361	
UploadFiles/legacy/external/10.176.17.2/UEditor/dialogs/attachment/fileTypeImages/icon_pdf.gif	UploadFiles/legacy/external/10.176.17.2/UEditor/dialogs/attachment/fileTypeImages/icon_pdf.gif	996	6a8c34408daee220b364f56261db307a68c0d8732f762bb90ddccb5482683677	6a8c34408daee220b364f56261db307a68c0d8732f762bb90ddccb5482683677	
UploadFiles/legacy/external/10.176.17.2/UEditor/dialogs/attachment/fileTypeImages/icon_txt.gif	UploadFiles/legacy/external/10.176.17.2/UEditor/dialogs/attachment/fileTypeImages/icon_txt.gif	970	2e20adfa5746298c73e199693934f04f5416d373daa6dd0d5e73a337f2f36dff	2e20adfa5746298c73e199693934f04f5416d373daa6dd0d5e73a337f2f36dff	
UploadFiles/legacy/external/10.176.17.2/UEditor/dialogs/attachment/fileTypeImages/icon_xls.gif	UploadFiles/legacy/external/10.176.17.2/UEditor/dialogs/attachment/fileTypeImages/icon_xls.gif	1005	96ae963c64e3bf7edd26f5e8d131f80d1444536dc7c69b6164d23e4db16a20d3	96ae963c64e3bf7edd26f5e8d131f80d1444536dc7c69b6164d23e4db16a20d3	
UploadFiles/legacy/external/static.dingtalk.com/media/lQLPJwpS1uSFR4fNAgfNAxawND-mHi6xjFEKax4t5nWeAA_790_519.png	UploadFiles/legacy/external/static.dingtalk.com/media/lQLPJwpS1uSFR4fNAgfNAxawND-mHi6xjFEKax4t5nWeAA_790_519.png	35768	7cbc352c2857387779cb05f9b993b9cca97d76babfb2170630858072b3954536	7cbc352c2857387779cb05f9b993b9cca97d76babfb2170630858072b3954536	
UploadFiles/legacy/external/static.dingtalk.com/media/lQLPJx157OKlVuvNAt7NBG-wHNoARD26aDwKYM3pxb1SAA_1135_734.png	UploadFiles/legacy/external/static.dingtalk.com/media/lQLPJx157OKlVuvNAt7NBG-wHNoARD26aDwKYM3pxb1SAA_1135_734.png	41121	84ca52df5e4bb72160b63660bceabba6cf645cbd990596891a044f736f4e0bf3	84ca52df5e4bb72160b63660bceabba6cf645cbd990596891a044f736f4e0bf3	
UploadFiles/legacy/external/static.dingtalk.com/media/lQLPJxSykGtIC1vNAerNAr2whxQd1uPbtYwKdCan_Xz3AA_701_490.png	UploadFiles/legacy/external/static.dingtalk.com/media/lQLPJxSykGtIC1vNAerNAr2whxQd1uPbtYwKdCan_Xz3AA_701_490.png	23136	70b8aa479cb90f907de51705292e14e91ff18c0129b3d32111417e0c4fc22157	70b8aa479cb90f907de51705292e14e91ff18c0129b3d32111417e0c4fc22157	
UploadFiles/legacy/external/static.dingtalk.com/media/lQLPJxWoIMAD5T_NAq_NBG-wVrRCoUS6d74KaYUSPkFyAQ_1135_687.png	UploadFiles/legacy/external/static.dingtalk.com/media/lQLPJxWoIMAD5T_NAq_NBG-wVrRCoUS6d74KaYUSPkFyAQ_1135_687.png	41165	78a82275f05dd2b8f74a25d43cd2c21afdce5518c2b68014edf19487c70b8035	78a82275f05dd2b8f74a25d43cd2c21afdce5518c2b68014edf19487c70b8035	
UploadFiles/legacy/external/static.dingtalk.com/media/lQLPKGd6KPW7zFvNATPNAe-whW8bX_E-vrMKdCan9ea1AA_495_307.png	UploadFiles/legacy/external/static.dingtalk.com/media/lQLPKGd6KPW7zFvNATPNAe-whW8bX_E-vrMKdCan9ea1AA_495_307.png	13999	d76afa42d81744c99201b3a810efba2533eab3b9a721a0b42edfa6c8b5efbfe6	d76afa42d81744c99201b3a810efba2533eab3b9a721a0b42edfa6c8b5efbfe6	
UploadFiles/legacy/external/static.dingtalk.com/media/lQLPKINnsruG-FvNAj3NAxGwlzYfIEpWKpsKYOg4ailhAA_785_573.png	UploadFiles/legacy/external/static.dingtalk.com/media/lQLPKINnsruG-FvNAj3NAxGwlzYfIEpWKpsKYOg4ailhAA_785_573.png	42154	91fda3ea3fa92e39a0297f3350851c6b2d8ce30ac2e105ae6078bb579bdc6bf0	91fda3ea3fa92e39a0297f3350851c6b2d8ce30ac2e105ae6078bb579bdc6bf0	
UploadFiles/tpzx/2021/1/202101131536321957.jpg	UploadFiles/tpzx/2021/1/202101131536321957.jpg	303690	6f700e87467515f19bf9c76b2b316b3152e9b3907d2a315ee2df544e0ec1b322	6f700e87467515f19bf9c76b2b316b3152e9b3907d2a315ee2df544e0ec1b322	
UploadFiles/tpzx/2021/1/202101131538053313.jpg	UploadFiles/tpzx/2021/1/202101131538053313.jpg	297962	fbec4eb19606af772a4f8ffafe7254d2f024a9b0d6b35b8f8d743a7f627d74b0	fbec4eb19606af772a4f8ffafe7254d2f024a9b0d6b35b8f8d743a7f627d74b0	
UploadFiles/tpzx/2021/1/202101131540092623.jpg	UploadFiles/tpzx/2021/1/202101131540092623.jpg	304912	6429aae6ea044f68173aa0b0cd17e1a34af0807158b1af0f7ee026b60179effa	6429aae6ea044f68173aa0b0cd17e1a34af0807158b1af0f7ee026b60179effa	
UploadFiles/tpzx/2021/1/202101131541006299.jpg	UploadFiles/tpzx/2021/1/202101131541006299.jpg	567400	35874d752498c97e7361bb5c63aec53a6d7cb807404d030fea0d3e73666ab53f	35874d752498c97e7361bb5c63aec53a6d7cb807404d030fea0d3e73666ab53f	
UploadFiles/tpzx/2021/1/202101131542593546.jpg	UploadFiles/tpzx/2021/1/202101131542593546.jpg	259238	96c1db6029bc0a35f218d4d3d3b937b361178ba373abcc588da7a5829a0c4439	96c1db6029bc0a35f218d4d3d3b937b361178ba373abcc588da7a5829a0c4439	
UploadFiles/tpzx/2021/1/202101131544231611.jpg	UploadFiles/tpzx/2021/1/202101131544231611.jpg	71808	25c4289c984abbd271bffb88ec474115307954126eead654700298175b6b7777	25c4289c984abbd271bffb88ec474115307954126eead654700298175b6b7777	
UploadFiles/tpzx/2021/1/202101131545025138.jpg	UploadFiles/tpzx/2021/1/202101131545025138.jpg	82408	414669b92953ec4874cd9bfe9c0b7b984f64d3ad94e7d265e8bdd79582781fb5	414669b92953ec4874cd9bfe9c0b7b984f64d3ad94e7d265e8bdd79582781fb5	
UploadFiles/tpzx/2021/1/202101131545507270.jpg	UploadFiles/tpzx/2021/1/202101131545507270.jpg	88837	3604e0a27f4e08b5ba767b4b102d4aef7f883d2ff24e0344325c978e30494dd0	3604e0a27f4e08b5ba767b4b102d4aef7f883d2ff24e0344325c978e30494dd0	
UploadFiles/tpzx/2021/1/202101131546396240.jpg	UploadFiles/tpzx/2021/1/202101131546396240.jpg	60728	797900481d318409df2cf831886831f1208909e32e4a26958d2d62a728624938	797900481d318409df2cf831886831f1208909e32e4a26958d2d62a728624938	
UploadFiles/tpzx/2021/1/202101131547259498.jpg	UploadFiles/tpzx/2021/1/202101131547259498.jpg	75012	27e5d2e510cd150d33fa975cc4527bb8e55d5618accda040ecd4e6143005bd11	27e5d2e510cd150d33fa975cc4527bb8e55d5618accda040ecd4e6143005bd11	
UploadFiles/tpzx/2021/1/202101131548027958.jpg	UploadFiles/tpzx/2021/1/202101131548027958.jpg	135314	17a0e82b4672863cdcc55fc720dc9d886aaada42302dbd6e714d0547f62a4dc1	17a0e82b4672863cdcc55fc720dc9d886aaada42302dbd6e714d0547f62a4dc1	
UploadFiles/zjyz/2021/5/202105310848079253_S.jpg	UploadFiles/zjyz/2021/5/202105310848079253_S.jpg	226971	d1ebf058831c0473073baacdf190b96d36828a57282033d469c0c75fed29ba7c	d1ebf058831c0473073baacdf190b96d36828a57282033d469c0c75fed29ba7c	
UploadFiles/zjyz/2026/3/202603180917216052.JPEG	UploadFiles/zjyz/2026/3/202603180917216052.jpeg	968749	c470dce023abc8c41ebdf22c0ca360efe4e079e63ea09b4842ef5ab75aac8528	c470dce023abc8c41ebdf22c0ca360efe4e079e63ea09b4842ef5ab75aac8528	
UploadFiles/zjyz/2026/3/202603180917216052_600_340.JPEG	UploadFiles/zjyz/2026/3/202603180917216052_600_340.jpeg	12765	c1bc298f0fc591728325cbccbc4cc5348bcfed6eb57fb7d8c1649b92a508bc0d	c1bc298f0fc591728325cbccbc4cc5348bcfed6eb57fb7d8c1649b92a508bc0d	
UploadFiles/zjyz/2026/3/202603180917224125.JPEG	UploadFiles/zjyz/2026/3/202603180917224125.jpeg	1310247	e9eb3c634d902fe7cb971ec77985cd1aae3817a370299da08abf3dbc70f5cd28	e9eb3c634d902fe7cb971ec77985cd1aae3817a370299da08abf3dbc70f5cd28	
UploadFiles/zjyz/2026/9/202609161003490869.Jpeg	UploadFiles/zjyz/2026/9/202609161003490869.jpeg	148446	2e0608206a3c47204badcf8ab650df2d8d0fa6c45267da62bb3d18a9117a7636	2e0608206a3c47204badcf8ab650df2d8d0fa6c45267da62bb3d18a9117a7636	
UploadFiles/zjyz/2026/9/202609161003492682.Jpeg	UploadFiles/zjyz/2026/9/202609161003492682.jpeg	132138	eec52d726719bdb9f41becbc8a0f6702af1936cdf1690c896bc9451e315954c1	eec52d726719bdb9f41becbc8a0f6702af1936cdf1690c896bc9451e315954c1	
UploadFiles/zjyz/2026/9/202609161003493921.Jpeg	UploadFiles/zjyz/2026/9/202609161003493921.jpeg	31813	671056cb57cc5335245d76679c102184ac48fd58a56c8a9f37f0daf408fe765a	671056cb57cc5335245d76679c102184ac48fd58a56c8a9f37f0daf408fe765a	
UploadFiles/zjyz/2026/9/202609161003494872.Jpeg	UploadFiles/zjyz/2026/9/202609161003494872.jpeg	119077	f7eccf9d42c4f0784a189f5924579a831f80fe353934641fe34b76717207f1fe	f7eccf9d42c4f0784a189f5924579a831f80fe353934641fe34b76717207f1fe	
UploadFiles/zjyz/2026/9/202609161003495432.Jpeg	UploadFiles/zjyz/2026/9/202609161003495432.jpeg	130518	95a2f6419fa420dfe909c8710e3732a180d825eaeacb158530f51b7cf276b085	95a2f6419fa420dfe909c8710e3732a180d825eaeacb158530f51b7cf276b085	
UploadFiles/zjyz/2026/9/202609161003496439.Jpeg	UploadFiles/zjyz/2026/9/202609161003496439.jpeg	332866	bb75363bfa762b9d848657346486aa70d8d8c83919a92b1b0d530a7e03393d0e	bb75363bfa762b9d848657346486aa70d8d8c83919a92b1b0d530a7e03393d0e	
UploadFiles/zjyz/2026/9/202609161003496929.Jpeg	UploadFiles/zjyz/2026/9/202609161003496929.jpeg	146360	f7b1760495e777fe956a3d184aeb40fe88b4a42a4469bdfae441f6ee3b22dc88	f7b1760495e777fe956a3d184aeb40fe88b4a42a4469bdfae441f6ee3b22dc88	
UploadFiles/zjyz/2026/9/202609161003497275.Jpeg	UploadFiles/zjyz/2026/9/202609161003497275.jpeg	166832	e3baadcca44315ae60093fcee9795326d4b116a9bd61bf185952d4d13c376252	e3baadcca44315ae60093fcee9795326d4b116a9bd61bf185952d4d13c376252	
UploadFiles/zjyz/2026/9/202609161003499451.Jpeg	UploadFiles/zjyz/2026/9/202609161003499451.jpeg	163626	414c749244b94069e8bd7a4b1890597a4449cfc8603df2c93e5f8a47e213a98a	414c749244b94069e8bd7a4b1890597a4449cfc8603df2c93e5f8a47e213a98a	
